F,L,avg_time,std_time,min_time,max_time,avg_ofv,std_ofv,seed1_time,seed2_time,seed3_time,seed1_ofv,seed2_ofv,seed3_ofv
12,12,25.86611018065984,0.5447117439131601,25.427857832983136,26.633886958938092,1159328025.8241694,0.0,26.633886958938092,25.536585750058293,25.427857832983136,1159328025.8241694,1159328025.8241694,1159328025.8241694
24,12,34.37971586128697,0.36479204047985614,34.043804791755974,34.88676233403385,1175106609.1948073,0.0,34.043804791755974,34.20858045807108,34.88676233403385,1175106609.1948073,1175106609.1948073,1175106609.1948073
