F,L,avg_time,std_time,min_time,max_time,avg_ofv,std_ofv,seed1_time,seed2_time,seed3_time,seed1_ofv,seed2_ofv,seed3_ofv
8,12,140.5966363,0.720184533,139.6569094,141.4066228,5936737599.3052,0,140.7263766,141.4066228,139.6569094,5936737599,5936737599,5936737599
8,8,119.6527423,0.17714711,119.4894324,119.898924,5945230274.5212,0,119.5698706,119.4894324,119.898924,5945230275,5945230275,5945230275
24,8,121.8093692,0.286738524,121.5352774,122.2052273,5947447246.8046,0,121.5352774,122.2052273,121.6876031,5947447247,5947447247,5947447247
8,24,160.5358126,0.9267035,159.228243,161.2661828,5949792661.5578,0,161.2661828,159.228243,161.113012,5949792662,5949792662,5949792662
12,12,137.717363,0.85556687,136.6058133,138.6870642,5956894995.3852,0,137.8592115,136.6058133,138.6870642,5956894995,5956894995,5956894995
24,12,134.1155617,0.281092635,133.7522119,134.4368872,5964866534.5487,0,134.4368872,134.1575859,133.7522119,5964866535,5964866535,5964866535
12,8,125.2834319,0.470982946,124.7694246,125.9072935,5965669195.3202,9.54E-07,124.7694246,125.1735775,125.9072935,5965669195,5965669195,5965669195
12,24,157.6394663,0.644456576,157.18038,158.5508571,5972123830.6101,9.54E-07,158.5508571,157.18038,157.1871618,5972123831,5972123831,5972123831
24,24,156.7294965,1.012976739,155.6563624,158.0879335,5976922802.6688,9.54E-07,156.4441935,155.6563624,158.0879335,5976922803,5976922803,5976922803