F,L,avg_time,std_time,min_time,max_time,avg_ofv,std_ofv,seed1_time,seed2_time,seed3_time,seed1_ofv,seed2_ofv,seed3_ofv
24,12,137.6388804,1.310618794,135.9574608,139.1550186,5933484084,0,135.9574608,137.8041619,139.1550186,5933484084,5933484084,5933484084
,,,,,,,,,,,,,
,,,,,,,,,,,,,
,T,RH Cost,Mono Cost,Opt Gap,,,,,,,,,
,336,5964866535,5958196255,0.111826133,,,,,,,,,
,168,2822785550,2805888716,0.598587235,,,,,,,,,
,72,1175106609,1155799354,1.643021546,,,,,,,,,