F,L,avg_time,std_time,min_time,max_time,avg_ofv,std_ofv,seed1_time,seed2_time,seed3_time,seed1_ofv,seed2_ofv,seed3_ofv
12,12,63.84657384734601,0.41189680828627795,63.37430512532592,64.37802187493071,2813957408.8168316,0.0,63.37430512532592,63.787394541781396,64.37802187493071,2813957408.8168316,2813957408.8168316,2813957408.8168316
24,12,78.37408422275136,0.4316276055396283,78.053047333844,78.98421925026923,2822785549.964435,0.0,78.98421925026923,78.053047333844,78.08498608414084,2822785549.964435,2822785549.964435,2822785549.964435
